NO,NAMA,TELEPON;
1,Ariq,081234;
2.,Rafi,01233;
3,Kusumah,12343;
5,Dian,021100022
6,Meli,0214444432
5,Dian,021100022
6,Meli,0214444432
5,Dian,021100022
6,Meli,0214444432
5,Dian,021100022
6,Meli,0214444432
5,Dian,021100022
6,Meli,0214444432
5,Dian,021100022
6,Meli,0214444432
5,Dian,021100022
6,Meli,0214444432
5,Dian,021100022
6,Meli,0214444432
5,Dian,021100022
6,Meli,0214444432
5,Dian,021100022
6,Meli,0214444432
5,Dian,021100022
6,Meli,0214444432
5,Dian,021100022
6,Meli,0214444432
